mid,publish_time,user_name,user_link,content,source,weibo_link
4787670884811591,2022-07-05 0:45,榴莲酥er不吃榴莲,https://weibo.com/5214675628?refer_flag=1001030103_,跟朋友四个女孩在三里屯吃完饭在街边陪其中一个朋友打车身边出现两个男的 明显喝多了 一个人搀着另一个人喝多了的人就叫他s 搀s的人就叫他bs说“诶！”（冲着我们一声大喊）b说“不好意思不好意思 我兄弟喝多了”到此我们没有说话 并往边上再走了几步两人又靠了过来 b说“不好意思美女们我想帮我兄弟圆个梦，但是这话我不好意思说”这是s站到了我其中一个朋友身后说了一句“三千一晚行不行”打车的朋友拉着我们立刻离开去找车并嘱咐我们赶紧离开去找停车场的车等离开那里我们找到自己的车开走的路上我才得知刚才有这么一句话出现一句恶臭又熟悉的经典语录“三千行不行”“妹妹看看胸”“你多少钱一晚”这些话可能会出现在你的社交软件私信里，可能会出现在你跟朋友结束饭局等车的路边…我和另一位朋友都脾气很爆并对这样的事情深恶痛绝，如果刚才听见了绝对不会让这个事轻易过去但是在写下这段话的过程中 跟朋友聊天的过程中我越想越绝望 回到现实我发现我们真的无法反抗 那两个男的身高一米八以上体格很大 还喝了酒 如果我们真的发生口角甚至对抗 那我们只有死路一条 就像唐山那个女生一样 所以我哭了 我为我朋友担心我为生而为女担心唐山事件就在身边 她就是你你就是她 所以我们要不停发声 收起d,iPhone 12,https://weibo.com/5214675628/LAMIEkbIj?refer_flag=1001030103_
4787668942327124,2022-07-05 0:38,奶油琳_Cream,https://weibo.com/5330571056?refer_flag=1001030103_,//@岚家小辞:好的学校不仅教书育人，还能带来改变。意志消沉不是反抗，好好生活才是反抗 。 与其怨恨黑暗，不如成为对抗它的力量， 即便是细微萤火，但也名为希望。,住好房子！HarmonyOS设备,https://weibo.com/5330571056/LAMFw9Log?refer_flag=1001030103_
4787665549658067,2022-07-05 0:24,不喝冰可乐我真的活不下去,https://weibo.com/6618417916?refer_flag=1001030103_,我让钱鹏宇去洗脸 他全身都在反抗 ​,iPhone客户端,https://weibo.com/6618417916/LAMA2Ewvh?refer_flag=1001030103_
4787660402723012,2022-07-05 0:04,互相掰弯,https://weibo.com/5540278080?refer_flag=1001030103_,玩兰陵王的都是可怕之人 都是恶魔都是混蛋都是控制欲极强的臭人类 当我头上闪烁着恶魔来临的标记时 我害怕 我心虚 我难受 我心如刀割 我疯掉了他给我闷头一刀让我窒息让我晕眩让我无法反抗 我恨死你了兰陵王 ​,iPhone客户端,https://weibo.com/5540278080/LAMrKbqny?refer_flag=1001030103_
4787660072420117,2022-07-05 0:02,芋泥恶霸,https://weibo.com/1778181385?refer_flag=1001030103_,职场的核心思维就是不允许反抗 要是反抗就是没有大局观 去年的我可以给别人点烟 今年的我应该可以把烟塞进他嘴里 ​,iPhone客户端,https://weibo.com/1778181385/LAMrda9A9?refer_flag=1001030103_
4787659085972574,2022-07-04 23:58,能饮一卑无,https://weibo.com/6508948220?refer_flag=1001030103_,#拼多多 活体女童#把民众的眼睛捂上 耳朵堵住 于是缄默代替反抗 受害者不敢发声 义愤填膺者成了笑话 ​,OPPO Reno5 K 5G,https://weibo.com/6508948220/LAMpCp3JQ?refer_flag=1001030103_
4787657568159473,2022-07-04 23:52,KangYeseo,https://weibo.com/7506766086?refer_flag=1001030103_,玩兰陵王的都是可怕之人 都是恶魔都是混蛋都是控制欲极强的臭人类 当我头上闪烁着恶魔来临的标记时 我害怕我心虚 我难受 我心如刀割 我疯掉了他给我闷头一刀让我窒息让我晕眩让我无法反抗 恨死你了 ​,时代少年团的爆米花,https://weibo.com/7506766086/LAMnayeEp?refer_flag=1001030103_
4787657538799318,2022-07-04 23:52,东江溪洋,https://weibo.com/7700600594?refer_flag=1001030103_,记录片《德国国防军》（全5集4小时合集）【第一集：闪电战 The Blitzkrieg】【第二集：转折点 The Turning Point】【第三集：罪行 The Crimes】【第四集：反抗 Resisance】【第五集：结局 To the Bitter End】L思想品读的微博视频 ​,军事 · 视频社区,https://weibo.com/7700600594/LAMn7AV6u?refer_flag=1001030103_
4787649473154535,2022-07-04 23:20,A班的裴子瑜,https://weibo.com/5876135857?refer_flag=1001030103_,原来以前喜欢话少的人因为潜意识觉得话少的人好欺负不反抗 ​,iPhone客户端,https://weibo.com/5876135857/LAMa7deDB?refer_flag=1001030103_
4787648726303412,2022-07-04 23:17,Ma_visssss,https://weibo.com/1971097247?refer_flag=1001030103_,最近生活一地鸡毛 ，满脑子都是负面情绪，都觉得自己抑郁了对孩子的耐心给妹妹一点一点的磨灭了，就做个雾化都把她妈击垮了，硬的做不了不停反抗 抓都抓不住，软的睡着了做 ，一开机不久就醒，我真的太难了，太难了 ​,iPhone客户端,https://weibo.com/1971097247/LAM8UqrNW?refer_flag=1001030103_
4787646309859939,2022-07-04 23:08,我好快乐鸭嘎,https://weibo.com/7005042836?refer_flag=1001030103_,他们也想反抗 可是他们没办法 已经变得麻木 我还没有 我还有逃离的机会 反抗的勇气 ​,微博轻享版,https://weibo.com/7005042836/LAM50Fn1h?refer_flag=1001030103_
4787646121378268,2022-07-04 23:07,下一个十年和你一起,https://weibo.com/2205628111?refer_flag=1001030103_,薛之谦 薛还不来广东来巡演 我的dsp书包已经开始反抗 发霉两回了  你一来广东我们才能见着持久的太阳 你是我们的太阳@薛之谦 广东的梅雨天我真的快疯了 再下去怕我的纸质周边们也会熬不住 ​,薛之谦超话,https://weibo.com/2205628111/LAM4I5My8?refer_flag=1001030103_
4787644275363001,2022-07-04 23:00,你的缘崽,https://weibo.com/5730782090?refer_flag=1001030103_,每个人都在试图杀死她 对她有着强烈的恶意 可她真的有错吗 没有 她只是不服“规则”的束缚 于是反抗 打破了它 ​​​但她也失去了部分“机会”“打不败我的只会让我更加强大” ​​​,,https://weibo.com/5730782090/LAM1Jmva1?refer_flag=1001030103_
4787643248546129,2022-07-04 22:56,废话少女-606,https://weibo.com/2831765325?refer_flag=1001030103_,当日常的重量  让我们 不反抗 //@发财暴富孙鸭鸭://@柚味儿一笑-皓月仙子:蚊子离我们宝远一点！退！退！退！,iPhone客户端,https://weibo.com/2831765325/LAM04zReN?refer_flag=1001030103_
4787640744285691,2022-07-04 22:46,不要让我再长胖啦,https://weibo.com/3260397765?refer_flag=1001030103_,麻木不仁的日子 记录就是反抗 ​,iPhone客户端,https://weibo.com/3260397765/LALW2hYU3?refer_flag=1001030103_
4787637539836331,2022-07-04 22:33,正在喝陨石拿铁,https://weibo.com/7721602157?refer_flag=1001030103_,在我面前放罗翔 然后说现在法盲挺多的 什么意思寝室就我和她两个 他自言自语个毛啊 我今晚沉默到底无声反抗 ​,iPhone 13 Pro,https://weibo.com/7721602157/LALQRFgSv?refer_flag=1001030103_
4787636113507872,2022-07-04 22:27,迪迪三岁半,https://weibo.com/7497158109?refer_flag=1001030103_,人往高处走，水往低处流，如果你觉的过不去，就让它只停留在你在你自己的内心深处吧，不要在牵扯别人了，没人像你想的那么温柔，谁都会反抗 ​,iPad客户端,https://weibo.com/7497158109/LALOzeIyA?refer_flag=1001030103_
4787633518287132,2022-07-04 22:17,宝宝贴贴好不好,https://weibo.com/6584828652?refer_flag=1001030103_,换位思考如果是我被这么管着的话我一定会疯狂的反抗吵架不听的话就默不作声要么承认自己做的不听劝说要么也不说也不听光是想想这种窒息都觉得压抑 疯狂的想反抗 ​,HUAWEI Mate 30,https://weibo.com/6584828652/LALKnyLRq?refer_flag=1001030103_
4787631630845078,2022-07-04 22:09,今年会瘦到88斤,https://weibo.com/1922402781?refer_flag=1001030103_,我觉得人还挺奇怪的明明你并不被列入一件事情的考虑范围内但人们还是要假装客气一下想想去年这一年真的是被假客气包围难怪我越来越自我了也许是在我彻底醒悟之前的一种反抗 ​,iPhone客户端,https://weibo.com/1922402781/LALHl3xQi?refer_flag=1001030103_
4787625540456911,2022-07-04 21:45,-糖糖糖糖糖炒栗子,https://weibo.com/5417613646?refer_flag=1001030103_,有些事情只能被动接受，无力反抗 ​,iPhone客户端,https://weibo.com/5417613646/LALxw1URx?refer_flag=1001030103_
4787623316688507,2022-07-04 21:36,我叫崔大宝,https://weibo.com/2624233837?refer_flag=1001030103_,我的吐槽天地：进入bd工作以来 经历了很多 心态一变再变 最开始的信心满满 到 委屈受挫 到愤愤反抗 再到现在自我怀疑 我好像是这个环境里最格格不入的那个好像谁也帮不了我 给不了我标准答案 教教我该怎么改变现状 我在pbc工作的七年里学习的东西都失灵了 长辈教我的那些为人处事的道理都一无用处质疑自我性格里糟糕的那些东西 想要一股脑摒弃的糟粕 仿佛都狗皮膏药一般 撕掉了一层 发现胶水啊膏药啊还粘在皮肤上 有时候想做大女主 洒脱一些 胸怀宽广一些 奈何自己就是一摊烂泥 扶不上墙总是想说服自己只去关注自己想要的 不在意别人的眼光 可内心终究抵不过空荡荡的回应 失落感 自我否定 又出来作祟。疫情抬头上班的第一天 在夜色中记录心情的一篇随感 不知道若干年过去在回过头来看 会不会感到小题大做 幼稚无比。 收起d,小米11,https://weibo.com/2624233837/LALtVs3Z9?refer_flag=1001030103_
4787621123588123,2022-07-04 21:28,源于月光下的你,https://weibo.com/7280147143?refer_flag=1001030103_,这都什么年代了 还说什么女孩穿的清凉就活该被侵犯 真的无语死了 还说什么被qj不要反抗 这些思想什么时候才能被丢弃 ​,丸圆的妈咪iPhone客户端,https://weibo.com/7280147143/LALqof3qX?refer_flag=1001030103_
4787619941322720,2022-07-04 21:23,静南-abb,https://weibo.com/7718228686?refer_flag=1001030103_,杨迪同归于尽式反抗 迪娃极限一换一，今天谁也别想逃 杨迪 搞笑  L静南-abb的微博视频 ​,微博视频号,https://weibo.com/7718228686/LALou5y6c?refer_flag=1001030103_
4787618664945027,2022-07-04 21:18,拥有都是侥幸·,https://weibo.com/2801691272?refer_flag=1001030103_,怪我 无力反抗 所谓“人言可畏” ​,iPhone客户端,https://weibo.com/2801691272/LALmqkKqv?refer_flag=1001030103_
4787582459970052,2022-07-04 18:54,贝拉追剧酱,https://weibo.com/1939755805?refer_flag=1001030103_,善恶到头终有报，警官殴打犯人，吴镇宇带头反抗   L贝拉追剧酱的微博视频 ​,微博视频号,https://weibo.com/1939755805/LAKq1FPFi?refer_flag=1001030103_
4787580812135900,2022-07-04 18:47,珂珂珂珂珂珂w,https://weibo.com/7440466900?refer_flag=1001030103_,保持在我爸眼里“不适合去上班”的穿着是我对这个父权社会最大的反抗 ​,iPhone 12 Pro,https://weibo.com/7440466900/LAKnn8XE0?refer_flag=1001030103_
4787576991121972,2022-07-04 18:32,吴瑾菡,https://weibo.com/5069237852?refer_flag=1001030103_,有女孩子能理解吧 我一个人住 身材偏瘦 因为住的小区后面烂尾了 所以住户并没有很多 反而有时候有些小混混一样的男生在周围转来转去 有的是穿了校服的 但是都是三五成群 且看到女生就会指一下然后盯着窃窃私语 唉 20岁了又怎么样 看到这些小孩个子也不是很矮 一帮在一起 心里真的会打鼓 这不是想太多 而是现实里发生的案件太让人寒心 我每次都表面镇定快速往楼里走 但其实心里害怕极了 按我的脾气 别人说了我或者故意碰我 我肯定会发火生气反抗 所以我这样的性格遇到被人欺负的事不知道结果会是什么 收起d,iPhone客户端,https://weibo.com/5069237852/LAKhd4HSk?refer_flag=1001030103_
4787572523668071,2022-07-04 18:15,笑趴了,https://weibo.com/2319877413?refer_flag=1001030103_,野猪被训练有素的狗子猎手围堵，空有蛮力无力反抗 L笑趴了的微博视频 ​,微博视频号,https://weibo.com/2319877413/LAKa0foer?refer_flag=1001030103_
4787537626796311,2022-07-04 15:56,防坠网1949,https://weibo.com/7319567186?refer_flag=1001030103_,沉默中反抗 ​,微博轻享版,https://weibo.com/7319567186/LAJfIsw1V?refer_flag=1001030103_
4787531117232350,2022-07-04 15:30,Thomas华,https://weibo.com/5607417413?refer_flag=1001030103_,凶手最后一击反抗 LThomas华的微博视频 ​,iPhone客户端,https://weibo.com/5607417413/LAJ5dulsO?refer_flag=1001030103_
4787528877476469,2022-07-04 15:21,A凡达要吃肉,https://weibo.com/5976798702?refer_flag=1001030103_,这年头 但凡是个人都是看碟下菜呵……………………………………………对所有人的反抗 仿佛都聚集到一块去了… ​,iPhone客户端,https://weibo.com/5976798702/LAJ1BvmYd?refer_flag=1001030103_
4787525094475835,2022-07-04 15:06,ABY_1725,https://weibo.com/3558061187?refer_flag=1001030103_,当初丝芭要招安yyh真是做的最正确的决定可惜断人财路 遭民反抗 企划失败 ​,👿🌻のAndroid,https://weibo.com/3558061187/LAIVviMmT?refer_flag=1001030103_
4787520547852262,2022-07-04 14:48,浩励,https://weibo.com/5794655688?refer_flag=1001030103_,无力反抗 还是不想反抗#肖战gucci品牌代言人# L畈桃里的微博视频 ​​​,荣耀畅玩30 Plus,https://weibo.com/5794655688/LAIOawWJo?refer_flag=1001030103_
4787519873093179,2022-07-04 14:45,网萌追剧,https://weibo.com/5259115675?refer_flag=1001030103_,伪军拦着不让鬼子进门，鬼子把它踩在脚下侮辱，气的伪军直接反抗 L网萌追剧的微博视频 ​,微博视频号,https://weibo.com/5259115675/LAIN5cYFZ?refer_flag=1001030103_
4787512516281464,2022-07-04 14:16,絲裴,https://weibo.com/2814349643?refer_flag=1001030103_,高分惊悚片，妻子策划凶杀案嫁祸给丈夫，丈夫明知真相也无法反抗  L絲裴的微博视频 ​,微博视频号,https://weibo.com/2814349643/LAIBdqm5W?refer_flag=1001030103_
4787509286667114,2022-07-04 14:03,花屋敷的明霖,https://weibo.com/5685369198?refer_flag=1001030103_,成长可能是坦然面对，淡然接受吧即使难过也不像之前的吵吵嚷嚷会安慰自己接受而不再反抗 ​,小米10 Pro,https://weibo.com/5685369198/LAIw0rYq6?refer_flag=1001030103_
4787501150240808,2022-07-04 13:31,水凝雪儿Arlene,https://weibo.com/7209421460?refer_flag=1001030103_,最近遇到了一些事真的心情很不好就先说最靠近的吧昨天出去玩刚买了个新的蓝牙耳机 是用我自己的钱买的 我很宝贝 今天上午才舍得拆开用中午去我外婆家里吃饭 因为我没带那个装蓝牙耳机的盒子 我怕放在裤带子里跑掉了 就一直带在耳朵上 也没放歌 吃饭的时候我外婆想拿下来看 因为她一直不喜欢我听耳机 但是因为是新买的我怕她老人家弄坏我就拒绝了 吃饭的时候她几次想直接从我耳朵边拿下来 我都躲开了 但是最后一次她趁我不注意拿下来了 直接塞到了她自己耳朵里 因为蓝牙耳机我之前也没用过 但是上面好像有个按钮可以控制放歌 她老人家在那边随便乱按 导致我那个歌一直在放来放去 我生怕她弄坏了我就有点急 正好这个时候她又把耳机摘下来了放在手里摸 我就去把耳机从她手上抢下来了 然后因为我当时比较激动可能情绪不太好冲了她老人家几句 她老人家可激动坏了 就开始叭叭叭教育我 直接又从这个耳机扯上了我的成绩 因为我这次没考好 他就开始说我 她说我成绩考的不好都是因为我玩手机 其实这根本就是无稽之谈 因为我今天上午才跟我爸闹矛盾 所以我爸添油加醋了几句 根本没有这回事 但是她老人家就很在意指名道姓骂我爸妈没有教育好我 说我对她什么态度 当时都在气头上我也没想那么多 我承认这确实是我的不对 接下来她又说什么她从小含辛茹苦把我养这么大没有人敢这么对她说什么我冲她之类这种话 我听了之后就不大高兴 明明是你先没有经过我的允许就拿我的东西还乱碰 怎么就成了我的错呢 再者功不能抵过吧 你做错了你就承认呀 然后我外婆就很不情愿的道了歉 说什么好这是我的错 紧接着又开始骂我 说什么我不尊重他们啊之类的 问我爸妈怎么管教我的为什么一天到晚都在玩不好好学 说实话我不知道她这些话是从哪里听说的 我一直都在管好我自己该做什么不该做什么后来我爸就很生气 出来就直接把我昨天刚买的耳机给砸了 然后还跟我说他砸的没有错 砸的就是我的耳机 还质问我为什么要买耳机 我就很纳闷儿了 我自己的钱我想买啥东西不是应该的吗 况且耳机又不是什么过分的东西 那也是为了陶冶我自己的情操 休息的时候随便听听的 又没有过分啊我就很想知道是不是他们长辈做的事情永远都可以不用为自己的错误而买单 他们说什么就是什么 他们就一定是对的 我们小辈就得甘愿承受他们的骂 我们怎么样都不能反抗 反抗就是我们的错 就是我们不尊重他们 人与人之间的尊重是相互的 既然你都没有尊重我 先拔我耳机 你也没有尊重我 随便砸我耳机 还出言威胁我 这到底是谁的错 我承认我确实当时特别急 我冲了我外婆几句 这是我的不对 但关键你们也得为你们自己的错误而买单啊 凭什么你砸完耳机就可以说不是你的错 就是我错 凭什么你砸完也可以说是你是在教育我 你有什么权利啊#家庭##矛盾##争吵#家庭 收起d,家庭超话,https://weibo.com/7209421460/LAIiT10E0?refer_flag=1001030103_
4787497449556830,2022-07-04 13:16,楠楠不是小哭包,https://weibo.com/7371149847?refer_flag=1001030103_,哪里有压迫哪里就有反抗 ​,微博小程序,https://weibo.com/7371149847/LAIcUE6aq?refer_flag=1001030103_
4787495134562270,2022-07-04 13:07,崔杋圭隔空喊话bot,https://weibo.com/7738364913?refer_flag=1001030103_,【投稿】我的小狗特别不乖 暴躁又凶人 但是我从来不打他 我只会逼他躺下 赏他口水喝 这么凶的狗在这种事情上面却不会反抗 我还会骑/到他的脸上 我的身下涌出的水总是溅他一脸 我又坐在他的腹肌上看着他撇开头喘气 我问他好喝吗 还用手抚弄他的下身 把他激得双眼红了 看起来这凶狗恨不得一口把我给吞了 我用力一拉他脖子上的狗链子 告诉他让我先爽了才能和我提要求 呲着牙的坏狗只能低下头温顺地把口水涂/满我的身体 我也会给他最甜美的奖励 进来吧乖狗 收起d,崔犯规送的Android,https://weibo.com/7738364913/LAI9bj8R0?refer_flag=1001030103_
4787484041416527,2022-07-04 12:23,-Mmercury-,https://weibo.com/7099507585?refer_flag=1001030103_,用尽全力向社会作出的反抗 ​,OPPO Reno,https://weibo.com/7099507585/LAHRi5Wvd?refer_flag=1001030103_
4787483403882993,2022-07-04 12:20,朱古力猪比,https://weibo.com/6499720723?refer_flag=1001030103_,踩点上学已是我对这个世界最后的反抗 ​,iPhone客户端,https://weibo.com/6499720723/LAHQggi8V?refer_flag=1001030103_
4787481658786672,2022-07-04 12:13,旋转的大米,https://weibo.com/5601948833?refer_flag=1001030103_,真是职场难题。我好颠，上回说到和领导吵架。今天又低声下气和他请假。我真是。是不是遇到职场压榨的时候该忍忍，吵的时候还想着，以后肯定不会有交集了，没想到还是会有。到底该不该反抗 ​,iPhone客户端,https://weibo.com/5601948833/LAHNrAROw?refer_flag=1001030103_
4787476821970245,2022-07-04 11:54,哈哈哈哈哈哇哇喔,https://weibo.com/5107424526?refer_flag=1001030103_,#唐山两人被害案发地居民发声#哪里有压迫，哪里就有反抗 ​,nova7你在焦点在,https://weibo.com/5107424526/LAHFE8gy9?refer_flag=1001030103_
4787474612094927,2022-07-04 11:45,十三号宇宙监督站,https://weibo.com/2505633727?refer_flag=1001030103_,每次看到被家暴的女性就感到无比的悲哀 被没读什么书的穷男人打骂 能不能离低贱的男人远一点啊 为什么不反抗 逆来顺受只会一直受欺负啊 早就说了所有打女人的男的都是没用的东西 没本事找人撒气罢了 凭什么啊 这种人能不能死绝了 ​,iPhone 11,https://weibo.com/2505633727/LAHC58MZ9?refer_flag=1001030103_
4787460301655749,2022-07-04 10:49,易瓶蚊香液,https://weibo.com/7578502347?refer_flag=1001030103_,#人民网评幸福到万家# 这部剧真的很真实 值得去看 很正能量 幸福敢于反抗 很喜欢幸福！ ​,华为MateRS保时捷设计,https://weibo.com/7578502347/LAHf06WJD?refer_flag=1001030103_
4787460091676271,2022-07-04 10:48,Gu0_yyyYr,https://weibo.com/6882424299?refer_flag=1001030103_,最近的生活状态就是每天都在崩溃边缘 工作的事让我处处不顺心 怎么样都感到自己太好欺负了 什么时候变成这样可以任人摆布的性格的 真的不理解 什么事都是让自己尝试着改变、接受 没有一点拒绝和反抗 这样真的是对的吗  不喜欢这样的自己 2天津 ​,iPhone客户端,https://weibo.com/6882424299/LAHeF724D?refer_flag=1001030103_
4787451031458384,2022-07-04 10:12,逗比小喜,https://weibo.com/1783774123?refer_flag=1001030103_,臭G在凉席上睡觉，台风天下雨了，小猫咪冷得团成一团。我把外套放在她旁边，她懒得动弹，我就狂亲一通，趁她没反应过来把整个猫团团抱起来放在外套上。臭G果然完全没有反抗 ​,iPhone客户端,https://weibo.com/1783774123/LAH0367ok?refer_flag=1001030103_
4787448536631204,2022-07-04 10:02,叉腰糖宝,https://weibo.com/5812288960?refer_flag=1001030103_,极度自律=暴食，哪里有压迫哪里就有反抗 ​,iPhone客户端,https://weibo.com/5812288960/LAGW1rP4U?refer_flag=1001030103_
4787448284973569,2022-07-04 10:01,蘸糖的云片糕,https://weibo.com/7557565861?refer_flag=1001030103_,为什么总有人说 看个剧就是看个乐呵 别那么纠结  但如果它触及了底线呢 如果它潜移默化地影响了普世价值观呢为什么不能愤怒  为什么不可以反抗 不是杞人忧天千里之堤溃于蚁穴 ​,唐九洲的BUBBLE,https://weibo.com/7557565861/LAGVCkRQR?refer_flag=1001030103_
4787444492275178,2022-07-04 09:46,暗无天日的等待,https://weibo.com/6049420029?refer_flag=1001030103_,#捍卫民众财富安全感#河南那么大 风景那么多 应该去看看 不看看 存款真的没有了！从河南官方自4/15以来的态度至今 已经对我们不承认 不认可 我们是投资者 受害人 不拼命不反抗 存款一定不能回家了！40万储户 苏醒吧  没有救世主 没有人能救咱们！只有我们自己可以拯救我们自己！像 国歌一样 起来吧！！！！#河南村镇银行取款难储户发声##河南村镇银行最新消息# 收起d,Redmi Note 8 Pro四摄,https://weibo.com/6049420029/LAGPv9xSq?refer_flag=1001030103_
4787431495174540,2022-07-04 08:54,阿一大哥大,https://weibo.com/5648143066?refer_flag=1001030103_,我一个人反抗 家里十个人按着我 我终究会低头,iPhone 13 Pro,https://weibo.com/5648143066/LAGuxlI8k?refer_flag=1001030103_
4787424980635967,2022-07-04 08:28,星神之星矢传说,https://weibo.com/7745716390?refer_flag=1001030103_,李一桐美国如果用钴弹来威胁全世界，一个国家都不要买美国商品，中国空间站决不让美国进，决不屈服于美国霸权，哪里有压迫哪里就有反抗 ​,李一桐超话,https://weibo.com/7745716390/LAGk22Frx?refer_flag=1001030103_
4787419989413830,2022-07-04 08:08,推倒咔叽诶嘿嘿,https://weibo.com/2864797160?refer_flag=1001030103_,既然想为新领导服务添置些啥东西，那就请自己做好吗？我没这个义务浪费自己周末时间代替做这事吧？真的跟同事所说的那样，以前太纵容了，所以我真的得反抗 ​,iPhone客户端,https://weibo.com/2864797160/LAGbYDuXY?refer_flag=1001030103_
4787410133845744,2022-07-04 07:29,男情说,https://weibo.com/6393938044?refer_flag=1001030103_,苍蝇和蜘蛛，苍蝇好像傻了一样，都不懂得反抗 #夏日治愈福利社##夏日解忧放映会#  L男情说的微博视频 ​,微博视频号,https://weibo.com/6393938044/LAFW5g8s8?refer_flag=1001030103_
4787409620828545,2022-07-04 07:27,BeeBuBee,https://weibo.com/3019756631?refer_flag=1001030103_,最近是水逆还是咋了心态不稳定啊要么不吭声要么我只想反抗 ​,Android,https://weibo.com/3019756631/LAFVg3txD?refer_flag=1001030103_
4787407444772203,2022-07-04 07:19,TAPURPIE,https://weibo.com/5683312258?refer_flag=1001030103_,黄三【一些有感而发】   初步认识三三是源于《痛仰》又名《向生》那时候的我已经看了很多小说 但是这一本给我带来了不同的体验与感觉 特别是男主陈劲生 他带给我的感觉是非常强烈的 他不低头 顽强 抗争 向上 坚强 无畏 反抗 热烈 霸道 强势 拼博这些词是再合适他不过了 他现在也是我的No.1家里有非常多关于他的无料 我想要他充满我生活中 因为他就是这般的耀眼   后来想更加了解这位作者 我就进入了超话 后来看了精华帖 知道了进入粉丝群要八级  终于  2021年3月18日 进粉丝群三 里面很多小黄伞，让我找到了归属 我们大家都同样热爱一位作者 是缘分 也时常让我非常之感动 2022 5 1升为12   最后，经过时间的轮回，光影的照射，阳光的流逝，我们不应该让世俗的烟消与各种功能的利诱，让保持初心的我们而忘记了最终的初心是在哪里找寻？一直记得，我进来的最初的超话，大家没有这么多升级，而是分享生活，分享三三的点点滴滴，分享读书的快乐与小说的心得，这才是和谐的，而不是非和谐的，希望大家都能够记住自己，保持自己。这个时代，这个网络非常快，快到有时候真的会忘了自己，不过，我一直在。   希望，让保持初心的我们记得最终的初心在哪里找寻。 收起d,黄三超话,https://weibo.com/5683312258/LAFRKk1t1?refer_flag=1001030103_
4787345239310997,2022-07-04 03:11,柳醉宴,https://weibo.com/5151405777?refer_flag=1001030103_,上夜班最大的不适就是胃反抗 折磨人 熬夜都没出现过这么大的黑眼圈和眼袋晚上睡醒 第一个感觉是困 睁不开眼 第二个感觉就是恶心想吐 特别是闻到饭菜味就想吐 天气热一些散发出酸味的盒饭 就像人生攻击一样 每一拳都打在胃上每天固定一顿早饭 中午基本都在睡觉吃不上 晚上吃饭随缘看胃 不吃又容易胃酸分泌过多 一直烧的慌浑身难受 肚子还一直叫  吃又吃不下 一闻就想吐 太折磨 真是拿命赚钱 收起d,Note 9 Pro 一亿像素,https://weibo.com/5151405777/LAEfpD4dn?refer_flag=1001030103_
4787340218204991,2022-07-04 02:51,可太开心了-,https://weibo.com/5041305319?refer_flag=1001030103_,这半年都在不断给我上课 都在抽筋剥皮的拿走我看得很重的东西 我不反抗 拿走吧都拿走 ​,iPhone客户端,https://weibo.com/5041305319/LAE7jyquz?refer_flag=1001030103_
4787320563959169,2022-07-04 01:33,不是燕屿,https://weibo.com/5866557706?refer_flag=1001030103_,我通过填志愿这件事情意识到 我的拖延症真的很厉害 有时候我太爱偷懒了 分不清轻重缓急其次 我总是不能深入理解别人的话 有点不会表达的同时对别人不正确的意见也没有做到正确的反抗 我不能总是给自己找借口 不能总是等到最后一刻再做打算 不能轻而易举沾沾自喜 好多缺点 待删改 ​,nova7你在焦点在,https://weibo.com/5866557706/LADBCgBXz?refer_flag=1001030103_
4787313400611013,2022-07-04 01:05,小蜗de壳,https://weibo.com/7585621833?refer_flag=1001030103_,看完今天的鸡条好像懂了点 心是善良的人是好的 但是因为性格和美颜受到了很多优待 所以在允许的情况之下会有一些放肆 会挑剔会自我不会勉强 俗称“公主病” belike豌豆公主…但是如果在一些不是主场的情况下 会收敛自己 无条件忍耐不反抗 belike岭时期 灰姑娘一枚…,,https://weibo.com/7585621833/LADq42yX3?refer_flag=1001030103_
4787306907829359,2022-07-04 00:39,Larryonly,https://weibo.com/5622557761?refer_flag=1001030103_,为什么要被命运这般玩弄太可笑了无力反抗 ​,微博轻享版,https://weibo.com/5622557761/LADfAwQLZ?refer_flag=1001030103_
4787305593702559,2022-07-04 00:34,荔枝葡萄布丁,https://weibo.com/7758709584?refer_flag=1001030103_,嘎子  用亲吻想要确认老婆是听话的 是愿意为他妥协的 小天使也是真的爱他 不管多不愿意承认心动 接吻也没有一点反抗 甚至颤颤巍巍的抚摸了嘎的嘴唇  他好爱小恶魔呀 呜呜 ​,See微博客户端,https://weibo.com/7758709584/LADdtfxcH?refer_flag=1001030103_
4787303958711683,2022-07-04 00:27,ipuk7,https://weibo.com/6976286580?refer_flag=1001030103_,当坏情绪侵略我大脑时，我只能戴上耳机让音乐环绕我的耳朵直冲冲地进入我大脑，以此来对坏情绪做出反抗 ​,iPhone客户端,https://weibo.com/6976286580/LADaPAyj1?refer_flag=1001030103_
4787303195347871,2022-07-04 00:24,Hsu_alive,https://weibo.com/5087524686?refer_flag=1001030103_,你朋友喜欢的人 对你有过语言攻击(tmd同学留言你给我写丰腴只会暗话里骂人吗cnm)你却现在才意识到应该要反抗 于是就把那个人删了 这样做对吧 而且那个朋友也不太清醒 及时止损 从我做起🙌 ​,iPhone客户端,https://weibo.com/5087524686/LAD9BmrdZ?refer_flag=1001030103_
4787302540509758,2022-07-04 00:22,酷盖赫宇,https://weibo.com/5982031432?refer_flag=1001030103_,保安说看我在峡谷里面很可怜 老是被人欺负 又不懂反抗 但是却乐在其中😂 ​,iPhone客户端,https://weibo.com/5982031432/LAD8y28BU?refer_flag=1001030103_
4787301441605776,2022-07-04 00:17,满山都有雾,https://weibo.com/5773972377?refer_flag=1001030103_,我真的好想公开吐槽 遇到了神仙室友 寝室空调24度凉飕飕的我都要穿一件针织开衫 她晚上睡觉却要把自己的风扇打开…好窒息的声音嗡嗡嗡嗡响…直接反抗 开20度 ！ 2咸阳 ​,iPhone客户端,https://weibo.com/5773972377/LAD6M6JJC?refer_flag=1001030103_
4787297872775361,2022-07-04 00:03,李氧气Desi,https://weibo.com/5557667914?refer_flag=1001030103_,发现最近茶叶越喝越浓然后觉越睡越少也不是咱不想睡就是茶叶放多了这么多年了居然开始喜欢喝浓茶。。新买的茶叶一般 但包装挺好看的坚决反抗老胡同志的压迫哪里有压迫哪里就有反抗 ​,iPhone客户端,https://weibo.com/5557667914/LAD11bDZT?refer_flag=1001030103_
4787294797566864,2022-07-03 23:51,别听小陈的话,https://weibo.com/5357068080?refer_flag=1001030103_,今天又又跟妈妈吵架了 还是老样子 她想给我安排好一切 我继续反抗 冷静的时候又想了想 已经20了我到底要成为一个什么样子的人 三岁的时候妈妈让我学舞蹈 一跳就跳了十一年 还差一级我就能在15岁考下中国舞资格证 可我偏偏为了中考放弃了可笑的是 并没有考上心仪的高中 在一所离家一个小时车程的地方 我再一次不妥协 当时唯一的办法只有在高一期末以综合成绩转校 于是我拼了命的学 我把每次月考排名都稳在了班级前十 最后以年级15总分598转入了眉山中学 那是我第一次觉得自己不是不聪明 只是没努力 可还有比你更努力的人 当我以为我的成绩很不错的时候 我才发现这个分数在15班只能排列中下游 高强度的学习让我吃不消 可我为了自己的面子 我再一次不停地学 分数总能固定在五百分左右 那段日子我很开心 自己好像成为了学习不错的人  骄傲的确让人退步 高二我开始与其他班级的学生不停的玩耍 甚至在校外抽烟被处分 成绩降到了四百分 这一次一个月的停课让我没有从影响里面站起来 我选择了爸妈都不支持的艺术 就这样考了一个从未意料到的大学 也花费了家里不少的积蓄 但好在我没有不接受现实 甚至一度认为自己就是这样阶段的人 可妈妈总会说到“你明明是一个五六百分的料子 为什么要纵容自己成现在的样子” 的确是恨铁不成钢 还记得前几天我翻到以前写了五年的笔记 我的志愿从中央民族到了中国人大 是因为那几年我真的在发光 连我的志愿都在一起闪耀 后来我也再没有跟周围的人提起过以往在学习上的经历 最可怕的不是失去 而是曾经拥有 如果当时我听了妈妈的话 选择重新拿起笔埋头苦干 而不是归于堕落 我现在应该也在某一个领域成为炙热的人了 年轻人没有后悔药 路都是自己铺了又走的  所以活在当下 要继续开心继续努力！ 收起d,iPhone客户端,https://weibo.com/5357068080/LACW3vKuc?refer_flag=1001030103_
4787293078160935,2022-07-03 23:44,cynthia-娜娜,https://weibo.com/1756913975?refer_flag=1001030103_,#警察荣誉#这剧里面的妈，除了大为的母亲这位丈母娘也是挺令人窒息的夏洁应该和慧慧学一下，懂的反抗 ​,平安顺遂iPhone 11,https://weibo.com/1756913975/LACThyf1Z?refer_flag=1001030103_
4787281674637553,2022-07-03 22:59,王心怡啊啊啊,https://weibo.com/6345441257?refer_flag=1001030103_,惊弓的鸟啊真诚  善良  正义  反抗  控制  冲撞  时间  信仰欲望  谎言  嫉妒  傲慢  饕餮  欺骗  冷漠  贪婪喔  谁会做奔跑的马 法兹牛逼😶‍🌫️ L王心怡啊啊啊的微博视频 ​,iPhone客户端,https://weibo.com/6345441257/LACATjsrf?refer_flag=1001030103_
4787279639876054,2022-07-03 22:51,千脱-yf,https://weibo.com/2135987662?refer_flag=1001030103_,"猥琐男将女孩带入厕所意欲何为,女孩居然能没反抗  L千脱-yf的微博视频 ​",微博视频号,https://weibo.com/2135987662/LACxBFrdc?refer_flag=1001030103_
4787275726852509,2022-07-03 22:35,猫的夜市之是谁邮给我一只小象呀,https://weibo.com/5501991473?refer_flag=1001030103_,奋起反抗 ​,iPhone客户端,https://weibo.com/5501991473/LACrisKEl?refer_flag=1001030103_
4787273332428749,2022-07-03 22:26,换个名字吸吸欧气,https://weibo.com/1993584471?refer_flag=1001030103_,//@苦丁与松鼠:第九怕身后不安详 被买卖被婚配却无法反抗 明明一生为自由做抵抗 死后还要被捆绑,荣耀V20 4800万3D相机,https://weibo.com/1993584471/LACnrabPn?refer_flag=1001030103_
4787272664223580,2022-07-03 22:23,句丧,https://weibo.com/7552203102?refer_flag=1001030103_,日常短句文案  1、 喜乐万事宜零碎小日子 2、 欢迎收看今日碎碎念专栏 3、 记录是对生活的温柔反抗 4、今天我请客 请你热爱生活 5、明日天气晴，宜收集快乐。 6、日子很滚烫，又暖又明亮。 7、相册里记录的生活边角料。 8、把普通的日子过得浪漫一些。 9、 生活很鸡零狗碎，但也很幸福 10、 细腻的美好 藏在生活的各处 11、吃好，喝好，睡好，快乐人生。 12、 把温柔碾碎，放入生活的缝隙中 13、好生活值得你花更多的时间去等。#情感# 收起d,微博 weibo.com,https://weibo.com/7552203102/LACmmhIKg?refer_flag=1001030103_
4787270076334175,2022-07-03 22:13,赵丽颖的小迷兔,https://weibo.com/6553553938?refer_flag=1001030103_,#幸福到万家# 我的评分：新农村，新时代，慢慢都会好起来的，幸福就是一个小人物，她认为什么都要讲个“理”字。但是时代下有些糟粕是无法避免的，她用自己的力量让村里的婚闹取消了等等，她是勇敢的女性，面对压迫敢于反抗 ​,点评,https://weibo.com/6553553938/LACibqzO7?refer_flag=1001030103_
4787266960491764,2022-07-03 22:00,啊柳柳柳扭啊,https://weibo.com/6174641573?refer_flag=1001030103_,在家只能雇雇爸妈的小鸡来反抗 ​,HarmonyOS设备,https://weibo.com/6174641573/LACda23VG?refer_flag=1001030103_
4787266322436185,2022-07-03 21:58,迷人的仙女w,https://weibo.com/5688855533?refer_flag=1001030103_,#小王的❤️分享#希望大家都能够拥有不将就的人生 要拥有勇敢而炽热的二十多岁 日后回想起来 你会发现再也找不到这么勇敢而热烈的自己了。    如果一个人的二十多岁没有为了追求理想全力以赴过 即使遇到打击和泼冷水也依然坚持理想 哪怕失败了也没关系 因为你勇敢过了 如果一个人的二十多岁没有为了一场爱情奋不顾身过，不顾一切去喜欢一个人 也是一件遗憾的事  哪怕没有结果 可是至少你勇敢的争取过了。如果一个人的二十多岁没有为了实现理想而努力反抗  为了读书学习去争取 为了自己想做的事去争取 哪怕遇到父母反对 身边人的质疑  去选择自己想要的生活  那会是一种遗憾 日后回想起来 你会发现自己在按部就班的生活 从来没有为了自己想要的而去努力争取，希望大家都能够拥有懂得反抗的人生。有人二十多岁听从父母的 大学毕业结婚生子 当然我说的这类人不是因为遇到了爱情 而是按照父母的意愿 有人本来是想要自己创业的 但却因为身边人的反对 打击而放弃选择了安安稳稳的生活 甚至在不想结婚时 选择了妥协。想想这是你想要的吗？如果不是 那就要努力去对抗，明明二十多岁拥有无限的可能 总不能什么也不做 就被一种生活而限制了吧。你来人间这一趟是要发光发热的，而不是让你随波逐流的，你必须要为了自己想要的拼尽全力才有资格说自己不行。       当你开始有想法有主见时 没有随波逐流就已经是一种与众不同的选择了，所以不要怕外界的声音 无论做什么只要你拼尽全力的争取过，就不叫遗憾了，至于结果也不用“成功和失败”来定义 因为这是勇敢的你 是那些不够勇敢的人没有的品质 这样的你在发光。这个世界上能够清晰的知道自己想要什么去努力的人并不多，能够坚持到最后的人更少，中途有人认输，就有人一往无前，坚持到最后的就是赢家。 收起d,iPhone客户端,https://weibo.com/5688855533/LACc8adLj?refer_flag=1001030103_
4787265547272945,2022-07-03 21:55,-今天晒豆角了吗-,https://weibo.com/5319118295?refer_flag=1001030103_,有些事情一直忘不掉，写出来也许会好过些。如果还不行，就再写一次。再一次。就像做梦那样，有的梦会重复做。  很多时候我都在想 连教师都需要考教师资格证 可是父母却不需要任何测试 连岗前培训都没有从回家到现在 我好不开心 我觉得我快要被淹没了 喘不过气来“不要梳这个头发”“你穿的都是些啥衣服”“不要穿短裤 不要穿短裙”“为什么别人可以考400 为什么二本的学生也可以考上985 你个211的啥也考不上” “你不知道这个专业难考吗 为什么要选这个”“让你当老师 为什么不听”一句又一句 妄图掌控我的人生 连我的穿着和发型都妄图掌控 从小到大 从你们嘴里出来的话从来没有夸奖 从来 没有 ...你们总是不满意 无论我做什么都是错的 你们总是在说我很差劲 我是全世界最差的一个 是啊 这么多年 我也觉得我好差 我处处不如人 不漂亮 成绩不好 不会做人 这不都是你们说给我的吗还有 我的喜欢 我的梦想 你们把他们贬低的一文不值考第一的时候你们说 这个分数不行不考第一的时候你们问为什么别人能考第一这次也是一样 没考上的时候你们讲说 如果你们早知道这个专业难考 就不让我报这个是呀 多么轻飘飘的一句话啊 一边质疑着我不努力一边向我证明你们为我选的道路是多么多么的正确性这么多年我奋力反抗 我选了一条与你们想的截然不同的路 我想证明我是对的 我想证明我可以过的很好不过现实也狠狠的打了我的脸 是啊这次失败 你们又能耀武扬威的讲说你们给我选的路到底有多正确啦 每一次轻飘飘的一句 我们都是为了你好 让我哑口无言口口声声打着都是为你好的旗号却做一把慢性切割你的刀 这样的亲情真是令人作呕到底为什么我会变成现在这样 社恐 缺乏安全感 自卑 缺爱  自私  原来你们永远都不知道 这些年什么恶毒的话没有对我说过 连你穿的像个站台的这种话都说过啦那些话就像一把淬了毒的刀 伤口会腐烂流血 会愈合 但是那个疤永远都消不掉 永远我已经22岁了 我已经是一个成年人 我的人生路还是让我自己来吧  如果可以选择 我宁愿我从来没来过 或者就死在十八岁   活着一点都不幸福我说我这辈子不结婚 你们真的不知道为什么吗永远不要爱 永远永远...这辈子不要做父母 不要变得像他们一样糟糕...我快要无法呼吸了 密不透风  想逃走... 收起d,月球清洁工Android,https://weibo.com/5319118295/LACaSuw1z?refer_flag=1001030103_
4787264880121084,2022-07-03 21:52,以翔永念,https://weibo.com/5568230063?refer_flag=1001030103_,感谢当时的反抗 不然就没有现在的阿令了,nova4e 3200W立体美颜,https://weibo.com/5568230063/LAC9O0vuY?refer_flag=1001030103_
4787264061966299,2022-07-03 21:49,七七的甜剧小屋,https://weibo.com/5990887560?refer_flag=1001030103_,#韩剧#女孩子一定要学会保护好自己，遭遇性骚扰一定要学会大声呵斥和反抗 L七七的甜剧小屋的微博视频 ​,微博视频号,https://weibo.com/5990887560/LAC8u8fwv?refer_flag=1001030103_
4787256202887933,2022-07-03 21:18,绯樱闲安,https://weibo.com/5642201812?refer_flag=1001030103_,学会反抗   可笑我话到嘴边说不出 ​,HUAWEI Mate 40 Pro,https://weibo.com/5642201812/LABVOc7hz?refer_flag=1001030103_
4787253354168819,2022-07-03 21:06,每天都是最甜的实验狗,https://weibo.com/2815726842?refer_flag=1001030103_,局外人&鼠疫存在 荒诞 选择 反抗 ​,微博轻享版,https://weibo.com/2815726842/LABRdhuv1?refer_flag=1001030103_
4787252398394519,2022-07-03 21:02,也太疯狂了,https://weibo.com/5503043165?refer_flag=1001030103_,要学会，怎么去保护我自己，一定能再让自己受到伤害，还懦弱地不敢反抗 ​,HUAWEI P30,https://weibo.com/5503043165/LABPFzdNt?refer_flag=1001030103_
4787249084371093,2022-07-03 20:49,社恐中期患者,https://weibo.com/6266633952?refer_flag=1001030103_,#幸福到万家#因为从小就这样，所以从没想过反抗 ​,OPPO A11,https://weibo.com/6266633952/LABKkil7v?refer_flag=1001030103_
4787248580532546,2022-07-03 20:47,画个圈圈许愿呀,https://weibo.com/7725186696?refer_flag=1001030103_,好骂//@郑观邪:我们的国民， 一边骂国内的一刀切政策 ，还不敢反抗 ，最多私下里骂骂各地防疫政策诅咒几句，一边看到别人反抗了，又开始急眼，说 我们都没有正面刚过，你一个外国人凭什么撒泼？ 我们全体国民都没有做到的事，你凭什么去做？,iPhone客户端,https://weibo.com/7725186696/LABJw2exs?refer_flag=1001030103_
4787248568732654,2022-07-03 20:47,雨文家的YB-所愿皆所得,https://weibo.com/2612648311?refer_flag=1001030103_,#幸福到万家#被欺负了几十年，还学不会反抗 ​,,https://weibo.com/2612648311/LABJuADLg?refer_flag=1001030103_
4787246173523550,2022-07-03 20:38,傲了个姣,https://weibo.com/2341173731?refer_flag=1001030103_,工作的事上班时间不能说非得晚上说，睡的比鹰晚起的比狗早，这就是为什么要让孩子好好学习的理由了，可不能受社会主义压迫又无力反抗 2北京·北京邮电大学 ​,iPhone客户端,https://weibo.com/2341173731/LABFDeMDs?refer_flag=1001030103_
4787245813337349,2022-07-03 20:36,娱音时尚妞,https://weibo.com/5328667633?refer_flag=1001030103_,#何幸福报警#村里这些人一波一波的找他，他可能也真不是故意踢庆来那么狠的 ，剧情是越来越精彩了何幸福终于气不过选择反抗 #幸福到万家# ​,,https://weibo.com/5328667633/LABF3e0cd?refer_flag=1001030103_
4787244877481733,2022-07-03 20:33,Powerpuffxx,https://weibo.com/7734905342?refer_flag=1001030103_,好米好喜欢开学我也要反抗 ​,🫧iPhone 13 Pro Max,https://weibo.com/7734905342/LABDxvol7?refer_flag=1001030103_
4787244651515967,2022-07-03 20:32,那日蒲公英的约定,https://weibo.com/7720227047?refer_flag=1001030103_,#何幸福报警# 剧情是越来越精彩了，何幸福终于气不过选择反抗 #幸福到万家# ​​​,新浪微博4G版,https://weibo.com/7720227047/LABDb6mn5?refer_flag=1001030103_
4787238066458402,2022-07-03 20:06,多嘉点草莓,https://weibo.com/7228228907?refer_flag=1001030103_,有的狗狗被主人当作孩子宠 而有的狗狗哪怕活生生被主人打死也不反抗 ​,iPhone客户端,https://weibo.com/7228228907/LABsyr67M?refer_flag=1001030103_
4787232680187316,2022-07-03 19:44,CHENFANG01257,https://weibo.com/5651836600?refer_flag=1001030103_,（接上文）→ 之婚姻原貌。话说与真相同时到来的，还有不断涌现的更多谜团。顺便说一句，其中的第一个关键点是两个孩子到底是谁杀害的？——按照克里斯最初公开的说法，他坚称孩子是夏伦杀死的，而自己则迫于无奈才冲动杀妻。可是太多的线索推翻了克里斯的供词。首先警方发现夏伦的尸体上没有反抗 ​,新版微博 weibo.com,https://weibo.com/5651836600/LABjS0MJe?refer_flag=1001030103_
4787229019083345,2022-07-03 19:30,hhLucifer,https://weibo.com/6067016484?refer_flag=1001030103_,#南京工业大学放假#哪里有压迫哪里就有反抗 ​,nova7你在焦点在,https://weibo.com/6067016484/LABdXC6Zz?refer_flag=1001030103_
4787224375461354,2022-07-03 19:11,快拉倒吧这像话吗,https://weibo.com/1979983815?refer_flag=1001030103_,码：在背刺中学会反抗 L快拉倒吧这像话吗的微博视频 ​,微博视频号,https://weibo.com/1979983815/LAB6tmUKm?refer_flag=1001030103_
4787219585567634,2022-07-03 18:52,SeanWPPPPP,https://weibo.com/6519140930?refer_flag=1001030103_,反抗 LSeanWPPPPP的微博视频 ​,快乐打工的HarmonyOS设备,https://weibo.com/6519140930/LAAYKnmoy?refer_flag=1001030103_
4787214942736631,2022-07-03 18:34,我要吃遍全世界ww,https://weibo.com/5759147413?refer_flag=1001030103_,每走一步小腿都很反抗 ​,iPhone客户端,https://weibo.com/5759147413/LAARgbtVd?refer_flag=1001030103_
4787209570355217,2022-07-03 18:12,纪云禾疯狂梦女,https://weibo.com/5795060841?refer_flag=1001030103_,感谢我妈 我这两天就是肉体十分痛苦 精神也不想反抗 随便吧 只要不晕倒 我都可以忍好憋屈啊靠 ​,HUAWEI Mate 40 Pro,https://weibo.com/5795060841/LAAIB1upj?refer_flag=1001030103_
4787208211400845,2022-07-03 18:07,还是好想念你呢,https://weibo.com/5519620078?refer_flag=1001030103_,又或许是因为你们只想要一个可以掌控的人而我每每感受到被左右，就会想开始反抗 ​,Android,https://weibo.com/5519620078/LAAGp5Sqh?refer_flag=1001030103_
4787204675079004,2022-07-03 17:53,听风融于夏,https://weibo.com/7335254229?refer_flag=1001030103_,重温了之前的运动会 我妹蒙起眼来就像只人畜无害求贴贴的小动物 你怎么动她她都不会反抗 呜呜 我真的好爱 ​,微博轻享版,https://weibo.com/7335254229/LAAAHljhq?refer_flag=1001030103_
4787201161036972,2022-07-03 17:39,爱囤货的卷卷,https://weibo.com/7401083521?refer_flag=1001030103_,你越反抗 越会被你反抗的东西同化《十三邀》 ​,,https://weibo.com/7401083521/LAAv24lLm?refer_flag=1001030103_
4787201101008033,2022-07-03 17:39,抬起影视-升,https://weibo.com/3620054410?refer_flag=1001030103_,韩国犯罪片，偏远山村的人们道德沦丧，全村唯一女性发起复仇反抗 (11)  L抬起影视-升的微博视频 ​,微博视频号,https://weibo.com/3620054410/LAAuW4eeB?refer_flag=1001030103_
4787200976226734,2022-07-03 17:38,平静影视-升,https://weibo.com/2019202523?refer_flag=1001030103_,韩国犯罪片，偏远山村的人们道德沦丧，全村唯一女性发起复仇反抗 (10)  L平静影视-升的微博视频 ​,微博视频号,https://weibo.com/2019202523/LAAuJq7Rc?refer_flag=1001030103_
4787200899682087,2022-07-03 17:38,朋友影视-升,https://weibo.com/2804152603?refer_flag=1001030103_,韩国犯罪片，偏远山村的人们道德沦丧，全村唯一女性发起复仇反抗 (8)  L朋友影视-升的微博视频 ​,微博视频号,https://weibo.com/2804152603/LAAuBECKH?refer_flag=1001030103_
4787200887624546,2022-07-03 17:38,忧伤影视-升,https://weibo.com/3499380882?refer_flag=1001030103_,韩国犯罪片，偏远山村的人们道德沦丧，全村唯一女性发起复仇反抗 (7)  L忧伤影视-升的微博视频 ​,微博视频号,https://weibo.com/3499380882/LAAuAvZuy?refer_flag=1001030103_
4787200791676204,2022-07-03 17:37,要么影视-升,https://weibo.com/3602924214?refer_flag=1001030103_,韩国犯罪片，偏远山村的人们道德沦丧，全村唯一女性发起复仇反抗 (6)  L要么影视-升的微博视频 ​,微博视频号,https://weibo.com/3602924214/LAAur723y?refer_flag=1001030103_
4787200635441115,2022-07-03 17:37,放狼影视-升,https://weibo.com/3614132335?refer_flag=1001030103_,韩国犯罪片，偏远山村的人们道德沦丧，全村唯一女性发起复仇反抗 (5)  L放狼影视-升的微博视频 ​,微博视频号,https://weibo.com/3614132335/LAAubmPtV?refer_flag=1001030103_
4787200555746365,2022-07-03 17:36,守护影视-升,https://weibo.com/3508834210?refer_flag=1001030103_,韩国犯罪片，偏远山村的人们道德沦丧，全村唯一女性发起复仇反抗 (3)  L守护影视-升的微博视频 ​,微博视频号,https://weibo.com/3508834210/LAAu3o6Tj?refer_flag=1001030103_
4787200526653359,2022-07-03 17:36,留言影视-升,https://weibo.com/3525412715?refer_flag=1001030103_,韩国犯罪片，偏远山村的人们道德沦丧，全村唯一女性发起复仇反抗 (2)  L留言影视-升的微博视频 ​,微博视频号,https://weibo.com/3525412715/LAAu0rUQf?refer_flag=1001030103_
4787200523504247,2022-07-03 17:36,伟业影视-升,https://weibo.com/2008507675?refer_flag=1001030103_,韩国犯罪片，偏远山村的人们道德沦丧，全村唯一女性发起复仇反抗 (4)  L伟业影视-升的微博视频 ​,微博视频号,https://weibo.com/2008507675/LAAu0eHC7?refer_flag=1001030103_
4787200410259787,2022-07-03 17:36,快乐影视-升,https://weibo.com/2899136595?refer_flag=1001030103_,韩国犯罪片，偏远山村的人们道德沦丧，全村唯一女性发起复仇反抗 (1)  L快乐影视-升的微博视频 ​,微博视频号,https://weibo.com/2899136595/LAAtP15A7?refer_flag=1001030103_
